{
  "case_id": "CSV-KYC-2026-0001",
  "checks": [
    {
      "bytes": 3008,
      "hash": "95ef7ca857f46d8f2ce0f220a7f00782795e6f4091d43f4069ff40d5122a3511",
      "name": "report_hash",
      "status": "PASS"
    },
    {
      "errors": [],
      "name": "chain_integrity",
      "status": "PASS"
    },
    {
      "message": "Report renders identically",
      "name": "determinism",
      "status": "PASS"
    },
    {
      "name": "policy_coverage",
      "signals_without_refs": [],
      "status": "PASS"
    },
    {
      "name": "gate_consistency",
      "score_gate": "STR_CONSIDERATION",
      "status": "PASS",
      "verdict": "STR_CONSIDERATION"
    },
    {
      "hash": "58a1692e02e70b6188bb89a76f100b1ba1fed944ca298b2001f00c8add20887c",
      "name": "manifest_hash",
      "status": "PASS"
    }
  ],
  "environment": {
    "architecture": "x86_64",
    "container": "docker",
    "engine_version": "1.0.0",
    "git_commit": "0fb5507",
    "platform": "Linux",
    "platform_release": "6.8.0-1030-azure",
    "python_version": "3.12.1"
  },
  "overall": "PASS",
  "strict_mode": false,
  "timestamp": "2026-01-29T17:05:20.900Z"
}