{
  "case_id": "ACT-KYC-2026-0001",
  "checks": [
    {
      "bytes": 3268,
      "hash": "40732632ca917cc566504a950e3fdf98dbe589fec15fe86ab7270842ae8d631a",
      "name": "report_hash",
      "status": "PASS"
    },
    {
      "errors": [],
      "name": "chain_integrity",
      "status": "PASS"
    },
    {
      "message": "Report renders identically",
      "name": "determinism",
      "status": "PASS"
    },
    {
      "name": "policy_coverage",
      "signals_without_refs": [],
      "status": "PASS"
    },
    {
      "name": "gate_consistency",
      "score_gate": "STR_CONSIDERATION",
      "status": "PASS",
      "verdict": "STR_CONSIDERATION"
    },
    {
      "hash": "677dd069dbb772632b299c48d223833e349603db1959cf726dfdd3b932864fb7",
      "name": "manifest_hash",
      "status": "PASS"
    }
  ],
  "environment": {
    "architecture": "x86_64",
    "container": "docker",
    "engine_version": "1.0.0",
    "git_commit": "0fb5507",
    "platform": "Linux",
    "platform_release": "6.8.0-1030-azure",
    "python_version": "3.12.1"
  },
  "overall": "PASS",
  "strict_mode": false,
  "timestamp": "2026-01-29T17:07:34.895Z"
}