{
  "case_id": "AMLE-P88-2026",
  "checks": [
    {
      "bytes": 16785,
      "hash": "89dd3cbc67e422b0f920cee4ee013326b62f71ac44e141af78e1abcc23a310e2",
      "name": "report_hash",
      "status": "PASS"
    },
    {
      "errors": [],
      "name": "chain_integrity",
      "status": "PASS"
    },
    {
      "message": "Report renders identically",
      "name": "determinism",
      "status": "PASS"
    },
    {
      "name": "policy_coverage",
      "signals_without_refs": [],
      "status": "PASS"
    },
    {
      "name": "gate_consistency",
      "score_gate": "COMPLIANCE_REVIEW",
      "status": "WARN",
      "verdict": "COMPLIANCE_ESCALATION"
    },
    {
      "hash": "6226253ac2770bd30d32470dd7e76345e21fdd06d03f2e790be0a6b82cc00b25",
      "name": "manifest_hash",
      "status": "PASS"
    }
  ],
  "environment": {
    "architecture": "x86_64",
    "container": "docker",
    "engine_version": "1.0.0",
    "git_commit": "378cc22",
    "platform": "Linux",
    "platform_release": "6.8.0-1030-azure",
    "python_version": "3.12.1"
  },
  "overall": "PASS",
  "strict_mode": false,
  "timestamp": "2026-01-29T18:33:52.285Z"
}