{
  "case_id": "KYC-2026-001",
  "checks": [
    {
      "bytes": 2635,
      "hash": "f7f9e08b90e5f9c5af2c57e4c42eb15fe942caed66e22160466b1ecc370dc58d",
      "name": "report_hash",
      "status": "PASS"
    },
    {
      "errors": [],
      "name": "chain_integrity",
      "status": "PASS"
    },
    {
      "message": "Report renders identically",
      "name": "determinism",
      "status": "PASS"
    },
    {
      "name": "policy_coverage",
      "signals_without_refs": [],
      "status": "PASS"
    },
    {
      "name": "gate_consistency",
      "score_gate": "STR_CONSIDERATION",
      "status": "PASS",
      "verdict": "STR_CONSIDERATION"
    },
    {
      "hash": "72bcdbec337e878106849eaa66179cd603f958c38880d987dddb45cbd8acbb86",
      "name": "manifest_hash",
      "status": "PASS"
    }
  ],
  "environment": {
    "architecture": "x86_64",
    "container": "docker",
    "engine_version": "1.0.0",
    "git_commit": "b012551",
    "platform": "Linux",
    "platform_release": "6.8.0-1030-azure",
    "python_version": "3.12.1"
  },
  "overall": "PASS",
  "strict_mode": false,
  "timestamp": "2026-01-29T16:59:56.982Z"
}