{
  "domain": "financial_crime",
  "jurisdiction": "CA",
  "mitigations_count": 16,
  "name": "Canadian Financial Crime Pack",
  "pack_hash": "390c23d3d389fb481f0c8795b8b73f671efa2e4d9646bf49f13dfe75d326dc5d",
  "pack_id": "fincrime_canada_v1",
  "policy_refs_count": 22,
  "regulatory_framework": {
    "bank_guideline": "OSFI B-8",
    "pep_categories": [
      {
        "citation": "PCMLTFR s. 9.3(1)",
        "code": "DPEP",
        "description": "Domestic Politically Exposed Person"
      },
      {
        "citation": "PCMLTFR s. 9.3(3)",
        "code": "FPEP",
        "description": "Foreign Politically Exposed Person"
      },
      {
        "citation": "PCMLTFR s. 9.3(2)",
        "code": "HIO",
        "description": "Head of International Organization"
      },
      {
        "citation": "PCMLTFR s. 9.3(4)",
        "code": "FAMILY",
        "description": "Family member of PEP"
      },
      {
        "citation": "PCMLTFR s. 9.3(4)",
        "code": "ASSOCIATE",
        "description": "Close associate of PEP"
      }
    ],
    "primary_legislation": "PCMLTFA",
    "primary_regulations": "PCMLTFR (SOR/2002-184)",
    "regulator": "FINTRAC",
    "reporting_thresholds": {
      "eft_threshold": "10000",
      "lctr_threshold": "10000"
    }
  },
  "signals_count": 22,
  "version": "1.0.0"
}