{
  "case_id": "AMLE-P88-2026",
  "checks": [
    {
      "bytes": 17706,
      "hash": "719d6785ea9e3de64353623ac5245c9530b02996a05dc9021f6352a2e7a7cd6d",
      "name": "report_hash",
      "status": "PASS"
    },
    {
      "errors": [],
      "name": "chain_integrity",
      "status": "PASS"
    },
    {
      "message": "Report renders identically",
      "name": "determinism",
      "status": "PASS"
    },
    {
      "name": "policy_coverage",
      "signals_without_refs": [],
      "status": "PASS"
    },
    {
      "name": "gate_consistency",
      "score_gate": "COMPLIANCE_REVIEW",
      "status": "WARN",
      "verdict": "COMPLIANCE_ESCALATION"
    },
    {
      "hash": "f142f3c59b7f47052233f0fde70b54a37cc70e962c4000ff196873502f983f72",
      "name": "manifest_hash",
      "status": "PASS"
    }
  ],
  "environment": {
    "architecture": "x86_64",
    "container": "docker",
    "engine_version": "1.0.0",
    "git_commit": "c2434a3",
    "platform": "Linux",
    "platform_release": "6.8.0-1030-azure",
    "python_version": "3.12.1"
  },
  "overall": "PASS",
  "strict_mode": false,
  "timestamp": "2026-01-29T18:43:20.793Z"
}